{"loss": 2.1219957915e-314, "accuracy": 2.121995791e-314, "duration": 8154.617050647736}