{"loss": 12.51915714822389, "accuracy": 63.75416666666667, "duration": 3540.7209208011627}