{"loss": 6.58979751930835, "accuracy": 80.92083333333333, "duration": 6979.378652572632}