{"loss": 5.7802887006977075, "accuracy": 83.26458333333333, "duration": 13824.688710451126}