{"loss": 7.515169126707003, "accuracy": 78.24166666666666, "duration": 11636.52105808258}