{"loss": 8.531209653144082, "accuracy": 75.3, "duration": 7179.468680858612}